행정구역(동읍면)별,5세별,2019. 12,2019. 12,2019. 12
행정구역(동읍면)별,5세별,총인구수 (명),남자인구수 (명),여자인구수 (명)
서울특별시,계,"9,729,107","4,744,059","4,985,048"
서울특별시,0 - 4세,"300,799","154,742","146,057"
서울특별시,5 - 9세,"361,894","185,592","176,302"
서울특별시,10 - 14세,"370,557","190,760","179,797"
서울특별시,15 - 19세,"449,014","230,579","218,435"
서울특별시,20 - 24세,"641,964","310,553","331,411"
서울특별시,25 - 29세,"814,659","403,107","411,552"
서울특별시,30 - 34세,"725,858","361,646","364,212"
서울특별시,35 - 39세,"784,101","393,184","390,917"
서울특별시,40 - 44세,"725,112","358,785","366,327"
서울특별시,45 - 49세,"835,871","414,743","421,128"
서울특별시,50 - 54세,"775,779","382,449","393,330"
서울특별시,55 - 59세,"764,189","371,993","392,196"
서울특별시,60 - 64세,"700,646","332,818","367,828"
서울특별시,65 - 69세,"489,156","229,978","259,178"
서울특별시,70 - 74세,"388,790","178,497","210,293"
서울특별시,75 - 79세,"295,297","133,393","161,904"
서울특별시,80 - 84세,"178,836","72,707","106,129"
서울특별시,85 - 89세,"80,651","26,524","54,127"
서울특별시,90 - 94세,"30,848","8,008","22,840"
서울특별시,95 - 99세,"8,842","2,405","6,437"
서울특별시,100+,"6,244","1,596","4,648"
　　　종로구,계,"151,290","73,746","77,544"
　　　종로구,0 - 4세,"3,540","1,780","1,760"
　　　종로구,5 - 9세,"4,671","2,363","2,308"
　　　종로구,10 - 14세,"5,153","2,617","2,536"
　　　종로구,15 - 19세,"6,595","3,315","3,280"
　　　종로구,20 - 24세,"10,924","5,185","5,739"
　　　종로구,25 - 29세,"12,648","6,499","6,149"
　　　종로구,30 - 34세,"10,172","5,080","5,092"
　　　종로구,35 - 39세,"10,204","5,006","5,198"
　　　종로구,40 - 44세,"9,981","4,802","5,179"
　　　종로구,45 - 49세,"13,096","6,420","6,676"
　　　종로구,50 - 54세,"12,768","6,361","6,407"
　　　종로구,55 - 59세,"12,946","6,571","6,375"
　　　종로구,60 - 64세,"11,274","5,698","5,576"
　　　종로구,65 - 69세,"7,854","3,788","4,066"
　　　종로구,70 - 74세,"6,702","2,993","3,709"
　　　종로구,75 - 79세,"5,836","2,559","3,277"
　　　종로구,80 - 84세,"3,836","1,604","2,232"
　　　종로구,85 - 89세,"1,837",670,"1,167"
　　　종로구,90 - 94세,725,242,483
　　　종로구,95 - 99세,275,111,164
　　　종로구,100+,253,82,171
　　　중구,계,"126,171","61,910","64,261"
　　　중구,0 - 4세,"3,693","1,878","1,815"
　　　중구,5 - 9세,"3,696","1,880","1,816"
　　　중구,10 - 14세,"3,154","1,578","1,576"
　　　중구,15 - 19세,"4,154","2,144","2,010"
　　　중구,20 - 24세,"7,682","3,605","4,077"
　　　중구,25 - 29세,"10,791","5,332","5,459"
　　　중구,30 - 34세,"10,202","5,081","5,121"
　　　중구,35 - 39세,"10,460","5,263","5,197"
　　　중구,40 - 44세,"8,678","4,466","4,212"
　　　중구,45 - 49세,"9,813","4,942","4,871"
　　　중구,50 - 54세,"10,229","5,209","5,020"
　　　중구,55 - 59세,"10,727","5,454","5,273"
　　　중구,60 - 64세,"9,918","4,997","4,921"
　　　중구,65 - 69세,"7,030","3,456","3,574"
　　　중구,70 - 74세,"5,671","2,582","3,089"
　　　중구,75 - 79세,"4,709","2,054","2,655"
　　　중구,80 - 84세,"3,037","1,198","1,839"
　　　중구,85 - 89세,"1,505",478,"1,027"
　　　중구,90 - 94세,631,193,438
　　　중구,95 - 99세,204,59,145
　　　중구,100+,187,61,126
　　　용산구,계,"228,670","110,356","118,314"
　　　용산구,0 - 4세,"6,808","3,541","3,267"
　　　용산구,5 - 9세,"7,324","3,769","3,555"
　　　용산구,10 - 14세,"7,307","3,687","3,620"
　　　용산구,15 - 19세,"9,084","4,676","4,408"
　　　용산구,20 - 24세,"13,682","6,437","7,245"
　　　용산구,25 - 29세,"19,155","9,393","9,762"
　　　용산구,30 - 34세,"18,588","9,226","9,362"
　　　용산구,35 - 39세,"19,445","9,751","9,694"
　　　용산구,40 - 44세,"16,541","8,099","8,442"
　　　용산구,45 - 49세,"19,618","9,699","9,919"
　　　용산구,50 - 54세,"18,440","9,112","9,328"
　　　용산구,55 - 59세,"18,019","8,908","9,111"
　　　용산구,60 - 64세,"16,313","7,862","8,451"
　　　용산구,65 - 69세,"11,172","5,180","5,992"
　　　용산구,70 - 74세,"9,201","4,035","5,166"
　　　용산구,75 - 79세,"7,921","3,353","4,568"
　　　용산구,80 - 84세,"5,506","2,111","3,395"
　　　용산구,85 - 89세,"2,670",944,"1,726"
　　　용산구,90 - 94세,"1,123",320,803
　　　용산구,95 - 99세,400,155,245
　　　용산구,100+,353,98,255
　　　성동구,계,"300,889","147,273","153,616"
　　　성동구,0 - 4세,"11,181","5,735","5,446"
　　　성동구,5 - 9세,"10,802","5,491","5,311"
　　　성동구,10 - 14세,"9,576","4,877","4,699"
　　　성동구,15 - 19세,"11,859","5,856","6,003"
　　　성동구,20 - 24세,"20,347","9,903","10,444"
　　　성동구,25 - 29세,"25,638","12,856","12,782"
　　　성동구,30 - 34세,"24,419","11,748","12,671"
　　　성동구,35 - 39세,"26,545","13,374","13,171"
　　　성동구,40 - 44세,"22,344","11,293","11,051"
　　　성동구,45 - 49세,"24,825","12,417","12,408"
　　　성동구,50 - 54세,"24,187","11,985","12,202"
　　　성동구,55 - 59세,"24,259","12,258","12,001"
　　　성동구,60 - 64세,"21,111","10,380","10,731"
　　　성동구,65 - 69세,"14,022","6,651","7,371"
　　　성동구,70 - 74세,"11,280","5,070","6,210"
　　　성동구,75 - 79세,"9,144","4,023","5,121"
　　　성동구,80 - 84세,"5,560","2,190","3,370"
　　　성동구,85 - 89세,"2,454",799,"1,655"
　　　성동구,90 - 94세,868,232,636
　　　성동구,95 - 99세,234,71,163
　　　성동구,100+,234,64,170
　　　광진구,계,"351,350","170,262","181,088"
　　　광진구,0 - 4세,"9,873","5,048","4,825"
　　　광진구,5 - 9세,"11,784","6,067","5,717"
　　　광진구,10 - 14세,"12,326","6,292","6,034"
　　　광진구,15 - 19세,"15,247","7,768","7,479"
　　　광진구,20 - 24세,"26,183","12,076","14,107"
　　　광진구,25 - 29세,"35,568","17,310","18,258"
　　　광진구,30 - 34세,"29,666","14,577","15,089"
　　　광진구,35 - 39세,"28,509","14,179","14,330"
　　　광진구,40 - 44세,"25,329","12,545","12,784"
　　　광진구,45 - 49세,"29,161","14,341","14,820"
　　　광진구,50 - 54세,"28,218","13,692","14,526"
　　　광진구,55 - 59세,"27,420","13,455","13,965"
　　　광진구,60 - 64세,"24,385","11,663","12,722"
　　　광진구,65 - 69세,"16,066","7,611","8,455"
　　　광진구,70 - 74세,"12,447","5,755","6,692"
　　　광진구,75 - 79세,"9,496","4,342","5,154"
　　　광진구,80 - 84세,"5,766","2,345","3,421"
　　　광진구,85 - 89세,"2,496",821,"1,675"
　　　광진구,90 - 94세,936,268,668
　　　광진구,95 - 99세,269,64,205
　　　광진구,100+,205,43,162
　　　동대문구,계,"346,194","172,113","174,081"
　　　동대문구,0 - 4세,"10,467","5,380","5,087"
　　　동대문구,5 - 9세,"11,648","5,981","5,667"
　　　동대문구,10 - 14세,"11,211","5,740","5,471"
　　　동대문구,15 - 19세,"14,016","7,052","6,964"
　　　동대문구,20 - 24세,"25,485","12,109","13,376"
　　　동대문구,25 - 29세,"29,543","15,668","13,875"
　　　동대문구,30 - 34세,"24,362","12,690","11,672"
　　　동대문구,35 - 39세,"27,096","13,983","13,113"
　　　동대문구,40 - 44세,"24,657","12,746","11,911"
　　　동대문구,45 - 49세,"27,806","14,306","13,500"
　　　동대문구,50 - 54세,"27,117","13,746","13,371"
　　　동대문구,55 - 59세,"27,491","13,678","13,813"
　　　동대문구,60 - 64세,"26,125","12,718","13,407"
　　　동대문구,65 - 69세,"18,664","8,909","9,755"
　　　동대문구,70 - 74세,"15,368","7,006","8,362"
　　　동대문구,75 - 79세,"12,574","5,591","6,983"
　　　동대문구,80 - 84세,"7,462","3,139","4,323"
　　　동대문구,85 - 89세,"3,301","1,136","2,165"
　　　동대문구,90 - 94세,"1,141",330,811
　　　동대문구,95 - 99세,384,125,259
　　　동대문구,100+,276,80,196
　　　중랑구,계,"397,015","196,959","200,056"
　　　중랑구,0 - 4세,"11,768","6,087","5,681"
　　　중랑구,5 - 9세,"12,944","6,646","6,298"
　　　중랑구,10 - 14세,"12,531","6,411","6,120"
　　　중랑구,15 - 19세,"16,001","8,183","7,818"
　　　중랑구,20 - 24세,"24,589","12,433","12,156"
　　　중랑구,25 - 29세,"31,662","15,752","15,910"
　　　중랑구,30 - 34세,"28,568","14,521","14,047"
　　　중랑구,35 - 39세,"30,954","16,240","14,714"
　　　중랑구,40 - 44세,"27,170","14,178","12,992"
　　　중랑구,45 - 49세,"32,145","16,372","15,773"
　　　중랑구,50 - 54세,"34,460","17,012","17,448"
　　　중랑구,55 - 59세,"36,401","18,021","18,380"
　　　중랑구,60 - 64세,"32,757","16,016","16,741"
　　　중랑구,65 - 69세,"22,222","10,706","11,516"
　　　중랑구,70 - 74세,"17,252","7,945","9,307"
　　　중랑구,75 - 79세,"13,085","5,888","7,197"
　　　중랑구,80 - 84세,"7,588","3,149","4,439"
　　　중랑구,85 - 89세,"3,217","1,006","2,211"
　　　중랑구,90 - 94세,"1,189",269,920
　　　중랑구,95 - 99세,326,83,243
　　　중랑구,100+,186,41,145
　　　성북구,계,"442,650","214,437","228,213"
　　　성북구,0 - 4세,"13,663","7,027","6,636"
　　　성북구,5 - 9세,"17,331","8,832","8,499"
　　　성북구,10 - 14세,"17,568","9,089","8,479"
　　　성북구,15 - 19세,"21,534","10,891","10,643"
　　　성북구,20 - 24세,"32,098","14,948","17,150"
　　　성북구,25 - 29세,"34,172","17,418","16,754"
　　　성북구,30 - 34세,"28,595","14,180","14,415"
　　　성북구,35 - 39세,"33,446","16,663","16,783"
　　　성북구,40 - 44세,"32,546","16,048","16,498"
　　　성북구,45 - 49세,"39,995","19,799","20,196"
　　　성북구,50 - 54세,"35,862","17,908","17,954"
　　　성북구,55 - 59세,"33,979","16,415","17,564"
　　　성북구,60 - 64세,"31,162","14,790","16,372"
　　　성북구,65 - 69세,"21,885","10,245","11,640"
　　　성북구,70 - 74세,"18,127","7,881","10,246"
　　　성북구,75 - 79세,"15,071","6,570","8,501"
　　　성북구,80 - 84세,"9,383","3,788","5,595"
　　　성북구,85 - 89세,"3,974","1,359","2,615"
　　　성북구,90 - 94세,"1,497",387,"1,110"
　　　성북구,95 - 99세,399,104,295
　　　성북구,100+,363,95,268
　　　강북구,계,"313,954","153,235","160,719"
　　　강북구,0 - 4세,"7,679","3,915","3,764"
　　　강북구,5 - 9세,"9,741","5,045","4,696"
　　　강북구,10 - 14세,"10,294","5,288","5,006"
　　　강북구,15 - 19세,"13,366","6,900","6,466"
　　　강북구,20 - 24세,"20,366","9,739","10,627"
　　　강북구,25 - 29세,"22,984","11,637","11,347"
　　　강북구,30 - 34세,"19,007","9,894","9,113"
　　　강북구,35 - 39세,"22,028","11,631","10,397"
　　　강북구,40 - 44세,"21,731","11,208","10,523"
　　　강북구,45 - 49세,"27,198","13,794","13,404"
　　　강북구,50 - 54세,"26,488","12,944","13,544"
　　　강북구,55 - 59세,"27,118","13,120","13,998"
　　　강북구,60 - 64세,"25,480","12,139","13,341"
　　　강북구,65 - 69세,"18,697","8,470","10,227"
　　　강북구,70 - 74세,"16,218","7,023","9,195"
　　　강북구,75 - 79세,"13,369","5,898","7,471"
　　　강북구,80 - 84세,"7,632","3,138","4,494"
　　　강북구,85 - 89세,"2,925","1,004","1,921"
　　　강북구,90 - 94세,"1,082",305,777
　　　강북구,95 - 99세,317,85,232
　　　강북구,100+,234,58,176
　　　도봉구,계,"333,362","163,051","170,311"
　　　도봉구,0 - 4세,"9,127","4,748","4,379"
　　　도봉구,5 - 9세,"11,538","5,937","5,601"
　　　도봉구,10 - 14세,"11,949","6,135","5,814"
　　　도봉구,15 - 19세,"15,782","8,124","7,658"
　　　도봉구,20 - 24세,"21,472","10,964","10,508"
　　　도봉구,25 - 29세,"23,450","12,048","11,402"
　　　도봉구,30 - 34세,"19,893","10,152","9,741"
　　　도봉구,35 - 39세,"23,483","12,021","11,462"
　　　도봉구,40 - 44세,"22,498","11,240","11,258"
　　　도봉구,45 - 49세,"28,573","14,023","14,550"
　　　도봉구,50 - 54세,"28,740","13,638","15,102"
　　　도봉구,55 - 59세,"29,815","14,227","15,588"
　　　도봉구,60 - 64세,"28,378","13,536","14,842"
　　　도봉구,65 - 69세,"18,979","9,243","9,736"
　　　도봉구,70 - 74세,"14,937","6,965","7,972"
　　　도봉구,75 - 79세,"12,185","5,493","6,692"
　　　도봉구,80 - 84세,"7,447","2,987","4,460"
　　　도봉구,85 - 89세,"3,398","1,101","2,297"
　　　도봉구,90 - 94세,"1,243",340,903
　　　도봉구,95 - 99세,316,88,228
　　　도봉구,100+,159,41,118
　　　노원구,계,"532,905","257,923","274,982"
　　　노원구,0 - 4세,"15,274","7,867","7,407"
　　　노원구,5 - 9세,"20,491","10,544","9,947"
　　　노원구,10 - 14세,"24,612","12,800","11,812"
　　　노원구,15 - 19세,"32,236","16,790","15,446"
　　　노원구,20 - 24세,"39,067","20,036","19,031"
　　　노원구,25 - 29세,"35,514","18,481","17,033"
　　　노원구,30 - 34세,"30,568","15,303","15,265"
　　　노원구,35 - 39세,"36,762","18,150","18,612"
　　　노원구,40 - 44세,"39,176","18,679","20,497"
　　　노원구,45 - 49세,"50,728","24,200","26,528"
　　　노원구,50 - 54세,"46,130","22,473","23,657"
　　　노원구,55 - 59세,"42,826","20,610","22,216"
　　　노원구,60 - 64세,"38,667","17,994","20,673"
　　　노원구,65 - 69세,"26,313","12,371","13,942"
　　　노원구,70 - 74세,"20,295","8,986","11,309"
　　　노원구,75 - 79세,"16,247","6,744","9,503"
　　　노원구,80 - 84세,"10,463","3,762","6,701"
　　　노원구,85 - 89세,"5,044","1,514","3,530"
　　　노원구,90 - 94세,"1,748",420,"1,328"
　　　노원구,95 - 99세,492,122,370
　　　노원구,100+,252,77,175
　　　은평구,계,"480,032","231,528","248,504"
　　　은평구,0 - 4세,"14,303","7,279","7,024"
　　　은평구,5 - 9세,"17,380","8,941","8,439"
　　　은평구,10 - 14세,"18,130","9,364","8,766"
　　　은평구,15 - 19세,"22,577","11,492","11,085"
　　　은평구,20 - 24세,"29,833","14,734","15,099"
　　　은평구,25 - 29세,"36,091","17,505","18,586"
　　　은평구,30 - 34세,"31,951","15,641","16,310"
　　　은평구,35 - 39세,"37,776","19,034","18,742"
　　　은평구,40 - 44세,"35,752","17,744","18,008"
　　　은평구,45 - 49세,"42,471","20,903","21,568"
　　　은평구,50 - 54세,"38,862","18,882","19,980"
　　　은평구,55 - 59세,"38,579","18,378","20,201"
　　　은평구,60 - 64세,"35,760","16,732","19,028"
　　　은평구,65 - 69세,"25,392","11,569","13,823"
　　　은평구,70 - 74세,"21,254","9,420","11,834"
　　　은평구,75 - 79세,"16,936","7,496","9,440"
　　　은평구,80 - 84세,"10,365","4,313","6,052"
　　　은평구,85 - 89세,"4,230","1,464","2,766"
　　　은평구,90 - 94세,"1,568",438,"1,130"
　　　은평구,95 - 99세,425,129,296
　　　은평구,100+,397,70,327
　　　서대문구,계,"309,397","148,663","160,734"
　　　서대문구,0 - 4세,"9,450","4,909","4,541"
　　　서대문구,5 - 9세,"10,945","5,559","5,386"
　　　서대문구,10 - 14세,"10,806","5,424","5,382"
　　　서대문구,15 - 19세,"13,809","6,944","6,865"
　　　서대문구,20 - 24세,"22,419","10,348","12,071"
　　　서대문구,25 - 29세,"26,415","13,399","13,016"
　　　서대문구,30 - 34세,"21,409","10,700","10,709"
　　　서대문구,35 - 39세,"23,272","11,508","11,764"
　　　서대문구,40 - 44세,"21,863","10,857","11,006"
　　　서대문구,45 - 49세,"26,233","12,942","13,291"
　　　서대문구,50 - 54세,"25,040","12,150","12,890"
　　　서대문구,55 - 59세,"24,364","11,744","12,620"
　　　서대문구,60 - 64세,"21,727","10,362","11,365"
　　　서대문구,65 - 69세,"15,065","6,900","8,165"
　　　서대문구,70 - 74세,"13,018","5,585","7,433"
　　　서대문구,75 - 79세,"11,172","4,772","6,400"
　　　서대문구,80 - 84세,"7,459","2,994","4,465"
　　　서대문구,85 - 89세,"3,120","1,067","2,053"
　　　서대문구,90 - 94세,"1,185",337,848
　　　서대문구,95 - 99세,349,89,260
　　　서대문구,100+,277,73,204
　　　마포구,계,"374,035","176,891","197,144"
　　　마포구,0 - 4세,"12,847","6,633","6,214"
　　　마포구,5 - 9세,"13,713","6,846","6,867"
　　　마포구,10 - 14세,"13,897","7,071","6,826"
　　　마포구,15 - 19세,"15,830","7,976","7,854"
　　　마포구,20 - 24세,"25,533","11,553","13,980"
　　　마포구,25 - 29세,"35,202","16,244","18,958"
　　　마포구,30 - 34세,"32,201","14,804","17,397"
　　　마포구,35 - 39세,"33,445","16,357","17,088"
　　　마포구,40 - 44세,"29,630","14,282","15,348"
　　　마포구,45 - 49세,"32,838","16,128","16,710"
　　　마포구,50 - 54세,"28,143","13,901","14,242"
　　　마포구,55 - 59세,"26,027","12,720","13,307"
　　　마포구,60 - 64세,"22,625","10,590","12,035"
　　　마포구,65 - 69세,"15,419","6,918","8,501"
　　　마포구,70 - 74세,"13,193","5,541","7,652"
　　　마포구,75 - 79세,"11,147","4,801","6,346"
　　　마포구,80 - 84세,"7,217","2,875","4,342"
　　　마포구,85 - 89세,"3,278","1,143","2,135"
　　　마포구,90 - 94세,"1,178",329,849
　　　마포구,95 - 99세,354,102,252
　　　마포구,100+,318,77,241
　　　양천구,계,"458,165","225,186","232,979"
　　　양천구,0 - 4세,"13,156","6,757","6,399"
　　　양천구,5 - 9세,"20,000","10,312","9,688"
　　　양천구,10 - 14세,"24,390","12,702","11,688"
　　　양천구,15 - 19세,"28,193","14,712","13,481"
　　　양천구,20 - 24세,"30,337","15,827","14,510"
　　　양천구,25 - 29세,"30,627","15,472","15,155"
　　　양천구,30 - 34세,"26,893","13,318","13,575"
　　　양천구,35 - 39세,"32,942","16,049","16,893"
　　　양천구,40 - 44세,"35,968","16,935","19,033"
　　　양천구,45 - 49세,"44,692","21,675","23,017"
　　　양천구,50 - 54세,"40,217","20,041","20,176"
　　　양천구,55 - 59세,"37,207","18,479","18,728"
　　　양천구,60 - 64세,"32,396","15,521","16,875"
　　　양천구,65 - 69세,"22,095","10,785","11,310"
　　　양천구,70 - 74세,"15,926","7,616","8,310"
　　　양천구,75 - 79세,"11,161","5,045","6,116"
　　　양천구,80 - 84세,"6,839","2,535","4,304"
　　　양천구,85 - 89세,"3,375",972,"2,403"
　　　양천구,90 - 94세,"1,240",311,929
　　　양천구,95 - 99세,341,81,260
　　　양천구,100+,170,41,129
　　　강서구,계,"591,796","286,563","305,233"
　　　강서구,0 - 4세,"20,648","10,611","10,037"
　　　강서구,5 - 9세,"23,320","11,866","11,454"
　　　강서구,10 - 14세,"21,616","11,073","10,543"
　　　강서구,15 - 19세,"25,826","13,145","12,681"
　　　강서구,20 - 24세,"35,481","17,023","18,458"
　　　강서구,25 - 29세,"51,937","24,199","27,738"
　　　강서구,30 - 34세,"49,954","24,909","25,045"
　　　강서구,35 - 39세,"53,124","27,292","25,832"
　　　강서구,40 - 44세,"45,481","22,893","22,588"
　　　강서구,45 - 49세,"47,795","23,945","23,850"
　　　강서구,50 - 54세,"43,289","20,809","22,480"
　　　강서구,55 - 59세,"45,778","21,529","24,249"
　　　강서구,60 - 64세,"43,708","20,255","23,453"
　　　강서구,65 - 69세,"29,872","14,011","15,861"
　　　강서구,70 - 74세,"22,298","10,668","11,630"
　　　강서구,75 - 79세,"15,252","6,908","8,344"
　　　강서구,80 - 84세,"9,314","3,455","5,859"
　　　강서구,85 - 89세,"4,582","1,365","3,217"
　　　강서구,90 - 94세,"1,832",418,"1,414"
　　　강서구,95 - 99세,471,125,346
　　　강서구,100+,218,64,154
　　　구로구,계,"406,664","200,987","205,677"
　　　구로구,0 - 4세,"14,397","7,391","7,006"
　　　구로구,5 - 9세,"16,104","8,172","7,932"
　　　구로구,10 - 14세,"14,676","7,536","7,140"
　　　구로구,15 - 19세,"16,903","8,770","8,133"
　　　구로구,20 - 24세,"24,141","11,843","12,298"
　　　구로구,25 - 29세,"31,511","15,511","16,000"
　　　구로구,30 - 34세,"30,262","15,228","15,034"
　　　구로구,35 - 39세,"34,392","17,671","16,721"
　　　구로구,40 - 44세,"31,016","16,000","15,016"
　　　구로구,45 - 49세,"33,431","17,156","16,275"
　　　구로구,50 - 54세,"31,413","15,539","15,874"
　　　구로구,55 - 59세,"32,580","15,910","16,670"
　　　구로구,60 - 64세,"30,906","14,641","16,265"
　　　구로구,65 - 69세,"22,521","10,605","11,916"
　　　구로구,70 - 74세,"17,652","8,565","9,087"
　　　구로구,75 - 79세,"12,721","5,924","6,797"
　　　구로구,80 - 84세,"7,388","3,120","4,268"
　　　구로구,85 - 89세,"3,107","1,033","2,074"
　　　구로구,90 - 94세,"1,089",265,824
　　　구로구,95 - 99세,298,74,224
　　　구로구,100+,156,33,123
　　　금천구,계,"232,810","118,209","114,601"
　　　금천구,0 - 4세,"6,624","3,414","3,210"
　　　금천구,5 - 9세,"7,122","3,633","3,489"
　　　금천구,10 - 14세,"6,854","3,482","3,372"
　　　금천구,15 - 19세,"8,951","4,571","4,380"
　　　금천구,20 - 24세,"14,787","7,360","7,427"
　　　금천구,25 - 29세,"21,454","11,274","10,180"
　　　금천구,30 - 34세,"17,949","9,922","8,027"
　　　금천구,35 - 39세,"17,717","9,762","7,955"
　　　금천구,40 - 44세,"15,489","8,209","7,280"
　　　금천구,45 - 49세,"18,702","9,617","9,085"
　　　금천구,50 - 54세,"20,016","10,014","10,002"
　　　금천구,55 - 59세,"21,334","10,778","10,556"
　　　금천구,60 - 64세,"18,615","9,236","9,379"
　　　금천구,65 - 69세,"12,896","6,230","6,666"
　　　금천구,70 - 74세,"9,979","4,702","5,277"
　　　금천구,75 - 79세,"7,461","3,438","4,023"
　　　금천구,80 - 84세,"4,130","1,715","2,415"
　　　금천구,85 - 89세,"1,787",616,"1,171"
　　　금천구,90 - 94세,602,127,475
　　　금천구,95 - 99세,173,53,120
　　　금천구,100+,168,56,112
　　　영등포구,계,"367,678","182,438","185,240"
　　　영등포구,0 - 4세,"12,883","6,557","6,326"
　　　영등포구,5 - 9세,"12,564","6,356","6,208"
　　　영등포구,10 - 14세,"11,192","5,901","5,291"
　　　영등포구,15 - 19세,"13,667","7,192","6,475"
　　　영등포구,20 - 24세,"21,731","10,211","11,520"
　　　영등포구,25 - 29세,"34,924","16,728","18,196"
　　　영등포구,30 - 34세,"33,614","17,119","16,495"
　　　영등포구,35 - 39세,"32,372","16,897","15,475"
　　　영등포구,40 - 44세,"26,642","13,626","13,016"
　　　영등포구,45 - 49세,"28,882","14,904","13,978"
　　　영등포구,50 - 54세,"27,733","14,123","13,610"
　　　영등포구,55 - 59세,"28,435","14,317","14,118"
　　　영등포구,60 - 64세,"26,082","12,853","13,229"
　　　영등포구,65 - 69세,"18,444","8,784","9,660"
　　　영등포구,70 - 74세,"14,850","7,049","7,801"
　　　영등포구,75 - 79세,"11,416","5,120","6,296"
　　　영등포구,80 - 84세,"7,304","3,131","4,173"
　　　영등포구,85 - 89세,"3,206","1,095","2,111"
　　　영등포구,90 - 94세,"1,136",311,825
　　　영등포구,95 - 99세,332,98,234
　　　영등포구,100+,269,66,203
　　　동작구,계,"395,963","191,976","203,987"
　　　동작구,0 - 4세,"12,473","6,313","6,160"
　　　동작구,5 - 9세,"14,123","7,229","6,894"
　　　동작구,10 - 14세,"13,266","6,828","6,438"
　　　동작구,15 - 19세,"16,185","8,279","7,906"
　　　동작구,20 - 24세,"28,188","13,352","14,836"
　　　동작구,25 - 29세,"38,194","19,043","19,151"
　　　동작구,30 - 34세,"32,056","16,237","15,819"
　　　동작구,35 - 39세,"32,105","16,204","15,901"
　　　동작구,40 - 44세,"29,050","14,559","14,491"
　　　동작구,45 - 49세,"31,434","15,787","15,647"
　　　동작구,50 - 54세,"29,357","14,127","15,230"
　　　동작구,55 - 59세,"29,901","14,202","15,699"
　　　동작구,60 - 64세,"27,637","12,846","14,791"
　　　동작구,65 - 69세,"19,839","9,043","10,796"
　　　동작구,70 - 74세,"16,469","7,221","9,248"
　　　동작구,75 - 79세,"12,637","5,874","6,763"
　　　동작구,80 - 84세,"7,632","3,128","4,504"
　　　동작구,85 - 89세,"3,442","1,162","2,280"
　　　동작구,90 - 94세,"1,318",358,960
　　　동작구,95 - 99세,370,99,271
　　　동작구,100+,287,85,202
　　　관악구,계,"500,094","251,009","249,085"
　　　관악구,0 - 4세,"11,775","6,115","5,660"
　　　관악구,5 - 9세,"13,322","6,806","6,516"
　　　관악구,10 - 14세,"13,277","6,833","6,444"
　　　관악구,15 - 19세,"17,423","8,977","8,446"
　　　관악구,20 - 24세,"39,760","17,623","22,137"
　　　관악구,25 - 29세,"67,627","34,990","32,637"
　　　관악구,30 - 34세,"48,368","26,644","21,724"
　　　관악구,35 - 39세,"40,490","22,039","18,451"
　　　관악구,40 - 44세,"33,650","18,044","15,606"
　　　관악구,45 - 49세,"37,219","19,730","17,489"
　　　관악구,50 - 54세,"34,456","17,333","17,123"
　　　관악구,55 - 59세,"35,080","17,107","17,973"
　　　관악구,60 - 64세,"32,860","15,378","17,482"
　　　관악구,65 - 69세,"24,683","11,371","13,312"
　　　관악구,70 - 74세,"20,453","9,343","11,110"
　　　관악구,75 - 79세,"15,758","7,330","8,428"
　　　관악구,80 - 84세,"8,594","3,707","4,887"
　　　관악구,85 - 89세,"3,412","1,192","2,220"
　　　관악구,90 - 94세,"1,242",299,943
　　　관악구,95 - 99세,340,85,255
　　　관악구,100+,305,63,242
　　　서초구,계,"430,826","206,039","224,787"
　　　서초구,0 - 4세,"14,693","7,564","7,129"
　　　서초구,5 - 9세,"21,308","11,059","10,249"
　　　서초구,10 - 14세,"22,339","11,375","10,964"
　　　서초구,15 - 19세,"23,624","12,030","11,594"
　　　서초구,20 - 24세,"25,603","12,563","13,040"
　　　서초구,25 - 29세,"30,828","14,653","16,175"
　　　서초구,30 - 34세,"30,845","14,165","16,680"
　　　서초구,35 - 39세,"35,957","16,458","19,499"
　　　서초구,40 - 44세,"36,908","16,997","19,911"
　　　서초구,45 - 49세,"41,660","20,077","21,583"
　　　서초구,50 - 54세,"33,496","16,639","16,857"
　　　서초구,55 - 59세,"29,283","14,060","15,223"
　　　서초구,60 - 64세,"27,246","12,564","14,682"
　　　서초구,65 - 69세,"19,359","8,880","10,479"
　　　서초구,70 - 74세,"15,872","7,342","8,530"
　　　서초구,75 - 79세,"10,635","5,199","5,436"
　　　서초구,80 - 84세,"6,230","2,827","3,403"
　　　서초구,85 - 89세,"2,958","1,067","1,891"
　　　서초구,90 - 94세,"1,362",367,995
　　　서초구,95 - 99세,412,104,308
　　　서초구,100+,208,49,159
　　　강남구,계,"545,169","260,806","284,363"
　　　강남구,0 - 4세,"15,369","7,859","7,510"
　　　강남구,5 - 9세,"23,335","12,160","11,175"
　　　강남구,10 - 14세,"28,063","14,617","13,446"
　　　강남구,15 - 19세,"32,388","16,966","15,422"
　　　강남구,20 - 24세,"34,181","16,699","17,482"
　　　강남구,25 - 29세,"41,785","19,758","22,027"
　　　강남구,30 - 34세,"40,309","18,576","21,733"
　　　강남구,35 - 39세,"45,314","20,597","24,717"
　　　강남구,40 - 44세,"46,394","21,019","25,375"
　　　강남구,45 - 49세,"53,610","25,542","28,068"
　　　강남구,50 - 54세,"43,717","22,002","21,715"
　　　강남구,55 - 59세,"36,529","17,888","18,641"
　　　강남구,60 - 64세,"33,279","15,254","18,025"
　　　강남구,65 - 69세,"24,531","11,146","13,385"
　　　강남구,70 - 74세,"19,823","9,296","10,527"
　　　강남구,75 - 79세,"13,030","6,379","6,651"
　　　강남구,80 - 84세,"7,350","3,251","4,099"
　　　강남구,85 - 89세,"3,703","1,219","2,484"
　　　강남구,90 - 94세,"1,703",414,"1,289"
　　　강남구,95 - 99세,485,111,374
　　　강남구,100+,271,53,218
　　　송파구,계,"675,961","327,164","348,797"
　　　송파구,0 - 4세,"24,527","12,806","11,721"
　　　송파구,5 - 9세,"29,107","14,906","14,201"
　　　송파구,10 - 14세,"28,709","14,664","14,045"
　　　송파구,15 - 19세,"32,964","16,949","16,015"
　　　송파구,20 - 24세,"41,736","20,545","21,191"
　　　송파구,25 - 29세,"54,273","25,706","28,567"
　　　송파구,30 - 34세,"54,723","26,185","28,538"
　　　송파구,35 - 39세,"59,804","28,797","31,007"
　　　송파구,40 - 44세,"53,263","25,656","27,607"
　　　송파구,45 - 49세,"57,388","27,761","29,627"
　　　송파구,50 - 54세,"52,751","25,682","27,069"
　　　송파구,55 - 59세,"51,698","24,697","27,001"
　　　송파구,60 - 64세,"47,836","22,538","25,298"
　　　송파구,65 - 69세,"32,762","15,850","16,912"
　　　송파구,70 - 74세,"23,322","11,494","11,828"
　　　송파구,75 - 79세,"15,107","7,257","7,850"
　　　송파구,80 - 84세,"8,867","3,666","5,201"
　　　송파구,85 - 89세,"4,485","1,389","3,096"
　　　송파구,90 - 94세,"1,859",441,"1,418"
　　　송파구,95 - 99세,510,108,402
　　　송파구,100+,270,67,203
　　　강동구,계,"436,067","215,335","220,732"
　　　강동구,0 - 4세,"14,581","7,528","7,053"
　　　강동구,5 - 9세,"17,581","9,192","8,389"
　　　강동구,10 - 14세,"17,661","9,376","8,285"
　　　강동구,15 - 19세,"20,800","10,877","9,923"
　　　강동구,20 - 24세,"26,339","13,437","12,902"
　　　강동구,25 - 29세,"32,666","16,231","16,435"
　　　강동구,30 - 34세,"31,284","15,746","15,538"
　　　강동구,35 - 39세,"36,459","18,258","18,201"
　　　강동구,40 - 44세,"33,355","16,660","16,695"
　　　강동구,45 - 49세,"36,558","18,263","18,295"
　　　강동구,50 - 54세,"34,650","17,127","17,523"
　　　강동구,55 - 59세,"36,393","17,467","18,926"
　　　강동구,60 - 64세,"34,399","16,255","18,144"
　　　강동구,65 - 69세,"23,374","11,256","12,118"
　　　강동구,70 - 74세,"17,183","8,414","8,769"
　　　강동구,75 - 79세,"11,227","5,335","5,892"
　　　강동구,80 - 84세,"6,467","2,579","3,888"
　　　강동구,85 - 89세,"3,145",908,"2,237"
　　　강동구,90 - 94세,"1,351",287,"1,064"
　　　강동구,95 - 99세,366,80,286
　　　강동구,100+,228,59,169